{
  "regions": [
    {
      "id": 1,
      "name": "Región de Arica y Parinacota",
      "code": "XV",
      "cities": [
        {
          "id": 1,
          "name": "Arica",
          "communes": [
            "Arica",
            "Camarones"
          ]
        }
      ]
    },
    {
      "id": 2,
      "name": "Región de Tarapacá",
      "code": "I",
      "cities": [
        {
          "id": 2,
          "name": "Iquique",
          "communes": [
            "Iquique",
            "Alto Hospicio",
            "Pozo Almonte",
            "Camiña",
            "Colchane",
            "Huara",
            "Pica"
          ]
        }
      ]
    },
    {
      "id": 3,
      "name": "Región de Antofagasta",
      "code": "II",
      "cities": [
        {
          "id": 3,
          "name": "Antofagasta",
          "communes": [
            "Antofagasta",
            "Mejillones",
            "Sierra Gorda",
            "Taltal",
            "Calama",
            "Ollagüe",
            "San Pedro de Atacama",
            "Tocopilla",
            "María Elena"
          ]
        }
      ]
    },
    {
      "id": 4,
      "name": "Región de Atacama",
      "code": "III",
      "cities": [
        {
          "id": 4,
          "name": "Copiapó",
          "communes": [
            "Copiapó",
            "Caldera",
            "Tierra Amarilla",
            "Chañaral",
            "Diego de Almagro",
            "Vallenar",
            "Alto del Carmen",
            "Freirina",
            "Huasco"
          ]
        }
      ]
    },
    {
      "id": 5,
      "name": "Región de Coquimbo",
      "code": "IV",
      "cities": [
        {
          "id": 5,
          "name": "La Serena",
          "communes": [
            "La Serena",
            "Coquimbo",
            "Andacollo",
            "La Higuera",
            "Paiguano",
            "Vicuña",
            "Illapel",
            "Canela",
            "Los Vilos",
            "Salamanca",
            "Ovalle",
            "Combarbalá",
            "Monte Patria",
            "Punitaqui",
            "Río Hurtado"
          ]
        }
      ]
    },
    {
      "id": 6,
      "name": "Región de Valparaíso",
      "code": "V",
      "cities": [
        {
          "id": 6,
          "name": "Valparaíso",
          "communes": [
            "Valparaíso",
            "Casablanca",
            "Concón",
            "Juan Fernández",
            "Puchuncaví",
            "Quintero",
            "Viña del Mar",
            "Isla de Pascua",
            "Los Andes",
            "Calle Larga",
            "Rinconada",
            "San Esteban",
            "La Ligua",
            "Cabildo",
            "Papudo",
            "Petorca",
            "Zapallar",
            "Quillota",
            "Calera",
            "Hijuelas",
            "La Cruz",
            "Nogales",
            "San Antonio",
            "Algarrobo",
            "Cartagena",
            "El Quisco",
            "El Tabo",
            "Santo Domingo",
            "San Felipe",
            "Catemu",
            "Llaillay",
            "Panquehue",
            "Putaendo",
            "Santa María",
            "Quilpué",
            "Limache",
            "Olmué",
            "Villa Alemana"
          ]
        }
      ]
    },
    {
      "id": 7,
      "name": "Región Metropolitana de Santiago",
      "code": "RM",
      "cities": [
        {
          "id": 7,
          "name": "Santiago",
          "communes": [
            "Santiago",
            "Cerrillos",
            "Cerro Navia",
            "Conchalí",
            "El Bosque",
            "Estación Central",
            "Huechuraba",
            "Independencia",
            "La Cisterna",
            "La Florida",
            "La Granja",
            "La Pintana",
            "La Reina",
            "Las Condes",
            "Lo Barnechea",
            "Lo Espejo",
            "Lo Prado",
            "Macul",
            "Maipú",
            "Ñuñoa",
            "Pedro Aguirre Cerda",
            "Peñalolén",
            "Providencia",
            "Pudahuel",
            "Quilicura",
            "Quinta Normal",
            "Recoleta",
            "Renca",
            "San Joaquín",
            "San Miguel",
            "San Ramón",
            "Vitacura",
            "Puente Alto",
            "Pirque",
            "San José de Maipo",
            "Colina",
            "Lampa",
            "Tiltil",
            "San Bernardo",
            "Buin",
            "Calera de Tango",
            "Paine",
            "Melipilla",
            "Alhué",
            "Curacaví",
            "María Pinto",
            "San Pedro",
            "Talagante",
            "El Monte",
            "Isla de Maipo",
            "Padre Hurtado",
            "Peñaflor"
          ]
        }
      ]
    },
    {
      "id": 8,
      "name": "Región del Libertador General Bernardo O'Higgins",
      "code": "VI",
      "cities": [
        {
          "id": 8,
          "name": "Rancagua",
          "communes": [
            "Rancagua",
            "Codegua",
            "Coinco",
            "Coltauco",
            "Doñihue",
            "Graneros",
            "Las Cabras",
            "Machalí",
            "Malloa",
            "Mostazal",
            "Olivar",
            "Peumo",
            "Pichidegua",
            "Quinta de Tilcoco",
            "Rengo",
            "Requínoa",
            "San Vicente",
            "Pichilemu",
            "La Estrella",
            "Litueche",
            "Marchihue",
            "Navidad",
            "Paredones",
            "San Fernando",
            "Chépica",
            "Chimbarongo",
            "Lolol",
            "Nancagua",
            "Palmilla",
            "Peralillo",
            "Placilla",
            "Pumanque",
            "Santa Cruz"
          ]
        }
      ]
    },
    {
      "id": 9,
      "name": "Región del Maule",
      "code": "VII",
      "cities": [
        {
          "id": 9,
          "name": "Talca",
          "communes": [
            "Talca",
            "Constitución",
            "Curepto",
            "Empedrado",
            "Maule",
            "Pelarco",
            "Pencahue",
            "Río Claro",
            "San Clemente",
            "San Rafael",
            "Cauquenes",
            "Chanco",
            "Pelluhue",
            "Curicó",
            "Hualañé",
            "Licantén",
            "Molina",
            "Rauco",
            "Romeral",
            "Sagrada Familia",
            "Teno",
            "Vichuquén",
            "Linares",
            "Colbún",
            "Longaví",
            "Parral",
            "Retiro",
            "San Javier",
            "Villa Alegre",
            "Yerbas Buenas"
          ]
        }
      ]
    },
    {
      "id": 10,
      "name": "Región de Ñuble",
      "code": "XVI",
      "cities": [
        {
          "id": 10,
          "name": "Chillán",
          "communes": [
            "Chillán",
            "Bulnes",
            "Chillán Viejo",
            "El Carmen",
            "Pemuco",
            "Pinto",
            "Quillón",
            "San Ignacio",
            "Yungay",
            "Cobquecura",
            "Coelemu",
            "Ninhue",
            "Ñiquén",
            "Portezuelo",
            "Quirihue",
            "Ránquil",
            "Treguaco",
            "San Carlos",
            "Coihueco",
            "Ñiquén",
            "San Fabián",
            "San Nicolás"
          ]
        }
      ]
    },
    {
      "id": 11,
      "name": "Región del Biobío",
      "code": "VIII",
      "cities": [
        {
          "id": 11,
          "name": "Concepción",
          "communes": [
            "Concepción",
            "Coronel",
            "Chiguayante",
            "Florida",
            "Hualpén",
            "Hualqui",
            "Lota",
            "Penco",
            "San Pedro de la Paz",
            "Santa Juana",
            "Talcahuano",
            "Tomé",
            "Lebu",
            "Arauco",
            "Cañete",
            "Contulmo",
            "Curanilahue",
            "Los Álamos",
            "Tirúa",
            "Los Ángeles",
            "Antuco",
            "Cabrero",
            "Laja",
            "Mulchén",
            "Nacimiento",
            "Negrete",
            "Quilaco",
            "Quilleco",
            "San Rosendo",
            "Santa Bárbara",
            "Tucapel",
            "Yumbel"
          ]
        }
      ]
    },
    {
      "id": 12,
      "name": "Región de La Araucanía",
      "code": "IX",
      "cities": [
        {
          "id": 12,
          "name": "Temuco",
          "communes": [
            "Temuco",
            "Carahue",
            "Cunco",
            "Curarrehue",
            "Freire",
            "Galvarino",
            "Gorbea",
            "Lautaro",
            "Loncoche",
            "Melipeuco",
            "Nueva Imperial",
            "Padre las Casas",
            "Perquenco",
            "Pitrufquén",
            "Pucón",
            "Saavedra",
            "Teodoro Schmidt",
            "Toltén",
            "Vilcún",
            "Villarrica",
            "Cholchol",
            "Angol",
            "Collipulli",
            "Curacautín",
            "Ercilla",
            "Lonquimay",
            "Los Sauces",
            "Lumaco",
            "Purén",
            "Renaico",
            "Traiguén",
            "Victoria"
          ]
        }
      ]
    },
    {
      "id": 13,
      "name": "Región de Los Ríos",
      "code": "XIV",
      "cities": [
        {
          "id": 13,
          "name": "Valdivia",
          "communes": [
            "Valdivia",
            "Corral",
            "Lanco",
            "Los Lagos",
            "Máfil",
            "Mariquina",
            "Paillaco",
            "Panguipulli",
            "La Unión",
            "Futrono",
            "Lago Ranco",
            "Río Bueno"
          ]
        }
      ]
    },
    {
      "id": 14,
      "name": "Región de Los Lagos",
      "code": "X",
      "cities": [
        {
          "id": 14,
          "name": "Puerto Montt",
          "communes": [
            "Puerto Montt",
            "Calbuco",
            "Cochamó",
            "Fresia",
            "Frutillar",
            "Los Muermos",
            "Llanquihue",
            "Maullín",
            "Puerto Varas",
            "Osorno",
            "Puerto Octay",
            "Purranque",
            "Puyehue",
            "Río Negro",
            "San Juan de la Costa",
            "San Pablo",
            "Castro",
            "Ancud",
            "Chonchi",
            "Curaco de Vélez",
            "Dalcahue",
            "Puqueldón",
            "Queilén",
            "Quemchi",
            "Quellón",
            "Quinchao",
            "Chaitén",
            "Futaleufú",
            "Hualaihué",
            "Palena"
          ]
        }
      ]
    },
    {
      "id": 15,
      "name": "Región de Aysén del General Carlos Ibáñez del Campo",
      "code": "XI",
      "cities": [
        {
          "id": 15,
          "name": "Coyhaique",
          "communes": [
            "Coyhaique",
            "Lago Verde",
            "Aysén",
            "Cisnes",
            "Guaitecas",
            "Cochrane",
            "O'Higgins",
            "Tortel",
            "Chile Chico",
            "Río Ibáñez"
          ]
        }
      ]
    },
    {
      "id": 16,
      "name": "Región de Magallanes y de la Antártica Chilena",
      "code": "XII",
      "cities": [
        {
          "id": 16,
          "name": "Punta Arenas",
          "communes": [
            "Punta Arenas",
            "Laguna Blanca",
            "Río Verde",
            "San Gregorio",
            "Porvenir",
            "Primavera",
            "Timaukel",
            "Natales",
            "Torres del Paine",
            "Cabo de Hornos",
            "Antártica"
          ]
        }
      ]
    }
  ]
}







